input,output
"What are the operating hours of the medical center?","Our medical center is open from Monday to Friday, 8 AM to 8 PM, and on Saturdays from 9 AM to 5 PM. We are closed on Sundays."
"How can I schedule an appointment?","To schedule an appointment, please visit our appointments page or call our reception at (123) 456-7890. You can also schedule online through our patient portal."
"Can I schedule an appointment with Dr. Smith?","Dr. Smith is available for appointments on Mondays, Wednesdays, and Fridays. Please visit our appointments page to check available slots and schedule your visit."
"What health services do you offer?","We offer a wide range of health services including General Medicine, Pediatrics, Gynecology, Orthopedics, Cardiology, and more. Please visit our services page for more details."
"Do you have a pediatrician?","Yes, we have a team of experienced pediatricians available. You can schedule an appointment with one of our pediatricians through our appointments page."
"What should I do in case of an emergency?","In case of a medical emergency, please call 911 immediately. For non-life-threatening emergencies, you can visit our urgent care center which is open 24/7."
"Can I get a prescription refill?","For prescription refills, please contact your doctor directly or use our patient portal to request a refill. If you have any issues, you can call our pharmacy at (123) 456-7890."
"What medications do you prescribe for high blood pressure?","Our doctors prescribe various medications for high blood pressure based on individual patient needs. Common medications include ACE inhibitors, beta-blockers, and diuretics. Please consult your doctor for a specific prescription."
"Do you accept my insurance?","We accept most major insurance plans. Please visit our insurance page for a list of accepted providers or contact our billing department at (123) 456-7890 for more information."
"How can I pay my bill?","You can pay your bill online through our patient portal, by mail, or in person at our billing office. For more details, please visit our billing information page."
